LUH,small,Sahnewal,9,30.850359856170176,75.95707224036518
SSE,mid,Solapur,9,17.625415183635024,75.93305977107549
IXR,mid,Birsa Munda,9,23.317724598996193,85.3235970368767
AWZ,mid,Ahwaz,9,31.343158556075725,48.74710654359313
GWL,mid and military,Gwalior,9,26.28548769793701,78.21721865463483
HOD,mid,Hodeidah Int'l,9,14.755253441372462,42.97109630194003
IDR,mid,Devi Ahilyabai Holkar Int'l,9,22.72774918757095,75.8092915005895
ISK,mid,Gandhinagar,9,19.966020567280626,73.81056749246886
IXC,major and military,Chandigarh Int'l,9,30.670724894966725,76.80172611052417
IXU,mid,Aurangabad,9,19.867296962108234,75.39584329220051
LYP,mid and military,Faisalabad Int'l,9,31.362743548086222,72.9878190922305
OMS,mid,Omsk Tsentralny,9,54.95764829340594,73.3163595376585
OVB,mid,Novosibirsk Tolmachev,9,55.00958471362636,82.66715245258652
OZH,mid and military,Zaporozhye Int'l,9,47.873263557902284,35.30187285752786
PKU,mid,Simpang Tiga,9,0.464600872998505,101.44656929844086
ROP,mid,Rota Int'l,9,14.171771297121616,145.24398029858185
SGC,mid,Surgut,9,61.340167219448126,73.40849647643748
TRZ,mid,Tiruchirappalli,9,10.76035713065535,78.7089578747476
TUK,mid,Turbat Int'l,9,25.988794590011004,63.027933351918136
UET,mid,Quetta Int'l,9,30.249043186181034,66.94873114809494
ZAH,mid,Zahedan Int'l,9,29.475294195657344,60.90070856491495
MLG,mid and military,Abdul Rachman Saleh,9,-7.929980028405668,112.71141861725775
BAX,mid,Barnaul,9,53.3633850813046,83.55045321240377
CJJ,major,Cheongju Int'l,9,36.72202277666726,127.49591612468085
KWJ,mid and military,Gwangju,9,35.14000513901977,126.81083948122644
TAE,mid,Daegu Int'l,9,35.89992779690866,128.63753769993312
USN,mid,Ulsan,9,35.59289575271069,129.35573104752825
TKG,mid,Radin Inten II,9,-5.242566777131995,105.17606041916142
IXD,military,Allahabad,9,25.443522027820965,81.73172714621872
CEK,mid,Chelyabinsk,9,55.29779194960553,61.51225897402009
TNN,military mid,Tainan,8,22.950667918346994,120.20973331809326
RMQ,military mid,Taichung,8,24.26665555671146,120.63070354758395
RTM,mid,Rotterdam The Hague,8,51.94913018993815,4.433844349628765
VOZ,mid,Voronezh-Chertovitskoye,8,51.81261712683441,39.22544964479734
LPL,major,Liverpool John Lennon,8,53.336375105442215,-2.858620657849379
VTZ,mid,Vishakapatnam,8,17.7279577384364,83.2235216387465
UPG,major,Sultan Hasanuddin Int'l,8,-5.058936894557788,119.54569134215063
VAV,mid,Vava'u Int'l,8,-18.586005855065373,-173.96809394415877
NCL,major,Newcastle Int'l,8,55.037084860801954,-1.71034578407216
LCE,mid,Goloson Int'l,8,15.74515966591258,-86.8514685020011
MED,major,Madinah Int'l,8,24.54423396056608,39.69913595604174
YMX,mid,Mirabel Int'l,8,45.68322509792671,-74.02873829848139
PLQ,mid,Palanga Int'l,8,55.971342623535804,21.09744639862514
JAI,mid,Jaipur Int'l,8,26.821179810060464,75.80101041926682
IXW,mid,Sonari,8,22.815414511024233,86.17246623637757
YEI,mid,Yenisehir,8,40.255539500747304,29.54492
ADA,major,Sakirpasa,8,36.9852090641795,35.29696142683381
ADQ,mid,Kodiak,8,57.74859210704827,-152.4856385152345
AMA,major,Amarillo Int'l,8,35.218403191939814,-101.70535277269678
ASP,mid,Alice Springs,8,-23.801968,133.902918
ATQ,mid and military,Raja Sansi Int'l,8,31.706822025888847,74.80715597198244
BBI,mid,Biju Patnaik,8,20.252665975473413,85.81688995444293
BET,mid,Bethel,8,60.77873798340883,-161.8389869594397
BGA,mid,Palonegro,8,7.127709154026846,-73.18092077253607
BHM,major,Birmingham Int'l,8,33.56186728280577,-86.75237736154624
BHQ,mid,Broken Hill,8,-31.998996737463017,141.47040730309726
BIL,major,Logan Int'l,8,45.803685571527836,-108.53692938812462
BIS,mid,Bismarck Muni.,8,46.77510666616138,-100.75747130371745
BJX,mid,Del Bajio Int'l,8,20.98588712119381,-101.47875338246688
BNI,mid,Benin,8,6.317166892078184,5.603682560067003
BOJ,major,Bourgas,8,42.56708354877019,27.51640936629526
BRE,major,Bremen,8,53.052287104156015,8.7858617703132
BRM,mid,Jacinto Lara Int'l,8,10.0453,-69.356102
BRO,mid,Brownsville-South Padre Island Int'l,8,25.906274354534673,-97.43176534023202
BRS,major,Bristol Int'l,8,51.38629341891484,-2.710864691343084
BTR,major,Baton Rouge Metro,8,30.532613804058556,-91.15675440481048
BTS,major,Bratislava-M.R. Stefanik,8,48.16983790625349,17.19998500222079
BTV,mid,Burlington Int'l,8,44.469206604073214,-73.15507877906677
CAE,major,Columbia Metro,8,33.934205458427535,-81.10933524293772
CCJ,major,Calicut Int'l,8,11.1395520526064,75.95099306305104
CCK,mid,Cocos (Keeling) Islands,8,-12.185158595329305,96.82874721442073
CFU,mid,Corfu Int'l (Ioannis Kapodistrias),8,39.60675545052586,19.914756164166214
CGQ,major,Changchun Longjia Int'l,8,43.99301147957697,125.69045681299836
CHS,major and military,Charleston Int'l,8,32.884530156296464,-80.03693374382624
CJB,mid,Coimbatore,8,11.030141512598268,77.03889377226204
CLJ,mid,Someseni,8,46.78266263402428,23.68698126804856
CMW,mid,Ignacio Agramonte,8,21.424703728196057,-77.84510399351666
CPR,major,Casper/Natrona County Int'l,8,42.89719004830057,-106.46444480969178
CRK,major,Clark Int'l,8,15.187642242388833,120.55077022391397
CRW,major and military,Yeager,8,38.37059143728646,-81.5964164667526
CTA,major,Catania Fontanarossa,8,37.470072800341015,15.067460500705343
CTM,mid,Chetumal Int'l,8,18.506434233376005,-88.3242600415365
CWL,major,Cardiff,8,51.39862209110174,-3.339568764291176
CYB,mid,Gerrard Smith,8,19.68986539628435,-79.87946163800297
CZM,mid,Cozumel Int'l,8,20.51155437716472,-86.93040640704362
DAY,major,James M. Cox Dayton Int'l,8,39.8990402865362,-84.22045942381024
DBO,mid,Dubbo,8,-32.218681,148.569717
DCA,major,Washington Nat'l,8,38.853716201212265,-77.04333739256312
DGO,mid,Durango Int'l,8,24.12619483261825,-104.53384602496385
DNK,mid,Voloskoye,8,48.36757180211169,35.09390602249747
DOK,major,Donetsk,8,48.06916712855819,37.744808557210334
DZO,mid,Santa Bernardina Int'l,8,-33.35910844755007,-56.49926362137442
EDI,major,Edinburgh Int'l,8,55.9485540113639,-3.364284685135545
EIS,mid,Terrance B. Lettsome Int'l,8,18.444361855798306,-64.53715143657945
EKO,mid,Elko Reg.,8,40.82760588152249,-115.78647923224912
ESE,mid,Ensenada,8,31.797713976056865,-116.59572440041782
FAE,mid,Vagar,8,62.0625,-7.2708
FAR,mid and military,Hector Int'l,8,46.919817881132275,-96.8254561269675
FAT,mid,Fresno Yosemite Int'l,8,36.76981283739594,-119.72000132357581
FLG,mid,Flagstaff Pulliam,8,35.13891167579759,-111.6746561716751
FRS,mid,Mundo Maya Int'l,8,16.914974164222567,-89.87784042265082
FSD,mid,Sioux Falls Reg.,8,43.58019349727632,-96.73138310175408
GEG,major,Spokane Int'l,8,47.62547812783678,-117.53683662858516
GGT,mid,Exuma Int'l,8,23.56388290692585,-75.87261308530395
GIB,mid,Gibraltar,8,36.15127475041734,-5.346771800333878
GRR,mid,Gerald R. Ford Int'l,8,42.88477760209079,-85.52957320727401
GSO,major,Triad Int'l,8,36.105378199893245,-79.93648675774836
GTF,mid,Great Falls Int'l,8,47.482270729263035,-111.35668472784
GZT,major,Gaziantep Oguzeli Int'l,8,36.945363344687536,37.473803252189995
HBX,mid,Hubli,8,15.359183338622918,75.08631556802813
HDY,mid,Hat Yai Int'l,8,6.93634231940664,100.39375127467132
HFE,mid,Hefei-Luogang,8,31.77985767957784,117.30419701588772
HRG,major,Hurghada Int'l,8,27.18042609181859,33.807160641411784
HRK,major,Kharkov Int'l,8,49.92153606315507,36.28220107735029
HSV,major,Huntsville Int'l,8,34.648334460931935,-86.77494305633734
IBA,mid,Ibadan,8,7.360343972693927,3.973813343322902
ICT,major,Kansas City Int'l,8,37.6529279603903,-97.4287387683976
ILM,mid,Wilmington Int'l,8,34.266784067199566,-77.91037565604692
ILR,mid,Ilorin Int'l,8,8.435376519352406,4.494840388199345
INL,mid,Falls Int'l,8,48.56599308484143,-93.39800275527939
INV,mid,Inverness,8,57.53950029234238,-4.063591755871405
IPL,mid,Imperial Cty.,8,32.8339586685524,-115.57199556657955
IXJ,mid,Jammu,8,32.68104288862249,74.8423077638915
IXM,mid,Madurai,8,9.837186278775658,78.09113949371941
JDH,major and military,Jodhpur,8,26.26376234583514,73.05054918956712
JLR,mid,Jabalpur,8,23.1845328746465,80.0587438885277
JRO,mid,Kilimanjaro Int'l,8,-3.424444959981779,37.06518960677478
KAD,mid,Kaduna,8,10.694619286239067,7.325253474074342
KGA,mid,Kananga,8,-5.900166562270408,22.47833324826895
KMS,mid,Kumasi,8,6.714606387503645,-1.592575265823615
KNA,mid,Vina del Mar,8,-32.94839176513599,-71.4806025354969
KNU,mid,Kanpur,8,26.43883344670418,80.36753387720022
KOA,mid,Kona Int'l at Keahole,8,19.737099139944235,-156.04088947105768
KOI,mid,Kirkwall,8,58.95442887883035,-2.901378495245077
KTU,mid,Kota,8,25.16341871667427,75.85049779445515
KYA,major and military,Konya,8,37.98399455316949,32.575673266968714
LEX,major,Blue Grass,8,38.03742731813716,-84.59826819187857
LIH,mid,Lihue,8,21.978124316208824,-159.34908429052206
LIT,major,Little Rock National,8,34.728430041517875,-92.22058813192886
LMM,mid,Los Mochis,8,25.68850882609902,-109.08269464526103
LOV,mid,Venustiano Carranza Int'l,8,26.955392716069884,-101.46496003175058
LRD,mid,Laredo Int'l,8,27.54366571758247,-99.45566039765133
LSI,mid,Sumburgh,8,59.87668995989993,-1.288060688387535
LTK,major,Bassel Al-Assad Int'l,8,35.407311459674354,35.944240709666296
LTN,major,London Luton,8,51.8802952570969,-0.376227267397439
LYR,mid,Svalbard Longyear,8,78.246717,15.495229
MBJ,mid,Sangster Int'l,8,18.501154929824885,-77.91839076357516
MDL,mid,Mandalay Int'l,8,21.705549068027405,95.97065359502169
MDW,major,Chicago Midway Int'l,8,41.78834925974092,-87.74212668856121
MEC,mid and military,Eloy Alfaro Int'l,8,-0.949557002112883,-80.68338459957742
MGM,major,Montgomery Reg.,8,32.304587990963064,-86.39030746026862
MHT,major,Manchester-Boston Reg.,8,42.92791399458855,-71.43752390918567
MIU,mid,Maiduguri Int'l,8,11.853471318852687,13.085139016247085
MJM,mid,Mbuji Mayi,8,-6.124845413488115,23.572109198905228
MOT,mid,Minot Int'l,8,48.25560492128391,-101.29138553129988
MSO,mid,Missoula Int'l,8,46.91876047688307,-114.08369492365063
MXL,mid,Gen R.S. Taboada Int'l,8,32.628564332460684,-115.24787404784124
MXP,major,Malpensa,8,45.62744051403809,8.712959535024368
NLK,mid,Norfolk Island,8,-29.035159255527493,167.94339411620473
NUE,major,Nurnberg,8,49.49450521703445,11.077417973909556
ODS,major,Odessa Int'l,8,46.44062687591064,30.676830831020588
OOL,mid,Gold Coast,8,-28.166516854020163,153.5128762643033
ORN,mid,Oran Es Senia,8,35.62027473127345,-0.60679696443112
PAT,mid,Lok Nayak Jaiprakash,8,25.594443429560453,85.09090213146632
PDU,mid,Paysandu,8,-32.36145452927226,-58.0685346825257
PFO,major,Paphos Int'l,8,34.71340128173351,32.483232206492644
PLM,mid,Sultan Mahmud Badaruddin II,8,-2.899993450059967,104.69912832676162
PTG,mid,Polokwane Int'l,8,-23.858986270165953,29.45334036456435
PUJ,mid,Punta Cana,8,18.56303903398704,-68.3632351074649
QRO,mid,Queretaro Int'l,8,20.62246607127796,-100.18735943002979
RAJ,mid,Rajkot,8,22.309281698836052,70.7799548311565
RIC,major,Richmond Int'l,8,37.50828997509012,-77.33311963811302
RJH,mid,Shah Makhdum,8,24.44480686230351,88.61380457044305
ROC,major,Greater Rochester Int'l,8,43.127551982648235,-77.66524450621966
ROK,mid,Rockhampton,8,-23.378599,150.4789
ROV,mid,Rostov-on-Don,8,47.255111951975394,39.80351444453908
RTW,mid,Saratov,8,51.560645650884204,46.03502324989101
SAP,mid,Ramon Villeda Morales Int'l,8,15.455863052488276,-87.92723651254093
SBA,mid,Santa Barbara Muni.,8,34.42573129787832,-119.83660158079981
SCC,mid,Deadhorse,8,70.19751,-148.457855
SFJ,mid,Kangerlussuaq,8,67.018097,-50.694199
SGF,major,Springfield Reg.,8,37.24214449030243,-93.3826379012003
SHV,major,Shreveport Reg.,8,32.45457988665127,-93.82852222295027
SIP,major,Simferopol Int'l,8,45.020217397816495,33.99605292445367
SIT,mid,Sitka Rocky Gutierrez,8,57.05349,-135.365692
SJD,major,Los Cabos Int'l,8,23.162657448359653,-109.71785838690921
SLE,major,McNary Field,8,44.91051384521425,-123.00787147940393
SLW,mid,Plan de Guadalupe,8,25.54799764199738,-100.93226054858748
SNN,major,Shannon,8,52.693453710253166,-8.922428855576857
SON,mid,Santo Pekoa Int'l,8,-15.505538737085832,167.22089491937467
SRG,mid,Achmad Yani,8,-6.978734849569817,110.37855625566573
SXR,military mid,Srinagar,8,33.98309094316232,74.78262436723114
TAP,mid,Tapachula Int'l,8,14.791128133877267,-92.370003
TGD,major,Podgorica,8,42.367933519542824,19.246686861887266
TLH,major,Tallahassee Reg.,8,30.395557617693783,-84.34499539848576
TRN,major,Turin Int'l,8,45.19166007346417,7.644162303621328
TYN,major,Taiyuan Wusu Int'l,8,37.754511779151215,112.62589153931525
UAK,mid,Narsarsuaq,8,61.16259683373283,-45.41640089231083
UTP,military mid,Rayong,8,12.685293091266386,101.00020929048034
VFA,mid,Victoria Falls,8,-18.099015598368197,25.846767720882564
VGA,mid,Vijaywada,8,16.528642778235014,80.7973080000675
VNS,mid,Varanasi,8,25.449907732982243,82.85387419135274
VRA,major,Juan Gualberto Gomez,8,23.039542233963147,-81.43671038506231
VSA,mid,Villahermosa,8,17.993066011311075,-92.81906758362618
YBR,mid,Brandon,8,49.904727941027694,-99.94589590024634
YED,military major,CFB Edmonton,8,53.67491566186677,-113.47883905449686
YFB,mid,Iqaluit,8,63.751152353780704,-68.53672924418116
YHM,mid,John C. Munro Hamilton Int'l,8,43.16336053050961,-79.92642309599673
YMM,mid,Fort McMurray,8,56.65631713909619,-111.22384004661691
YNT,major and military,Yantai,8,37.407704472692394,121.37204741777312
YPE,mid,Peace River,8,56.231924036744985,-117.4436632080815
YQM,mid,Greater Moncton Int'l,8,46.11620596392595,-64.68866968073613
YQY,mid,Sydney/J.A. Douglas McCurdy,8,46.16734058905036,-60.04693721170264
YRB,mid,Resolute Bay,8,74.71818609875942,-94.97080232440061
YSM,mid,Fort Smith,8,60.01987496024426,-111.96105993815773
YTH,mid,Thompson,8,55.797482,-97.860733
YTS,mid,Timmins,8,48.566158,-81.372047
YUT,mid,Repulse Bay,8,66.533302,-86.25
YVP,mid,Kuujjuaq,8,58.101959,-68.433342
YWK,mid,Wabush,8,52.926071,-66.873009
YXD,mid,Edmonton City Centre,8,53.57094365828116,-113.52297368858079
YXJ,mid,Fort St. John (N. Peace),8,56.246035,-120.736439
YYB,mid,North Bay/Jack Garland,8,46.358711,-79.42491
ZAR,mid,Zaria,8,11.135295860107082,7.687267643105769
SKP,mid,Skopje,8,41.95645460815443,21.62819718582291
LCJ,mid,Lodz Wladyslaw Reymont,8,51.727207045169955,19.403214874403695
BXJ,mid and military,Alma Ata N.W.,8,43.355419083791865,76.87826400966476
JMU,mid,Jiamusi Dongjiao,8,46.843015022337944,130.4562047044068
MDG,major,Mudanjiang Hailang,8,44.53429362999352,129.5801515322203
OSB,mid,Mosul Int'l,8,36.308601,43.145802
OUL,mid,Oulu,8,64.92879923588488,25.372837470430696
BOD,major,Bordeaux,8,44.832110866267385,-0.701793449075243
CEQ,mid,Mandelieu,8,43.54609798704497,6.954316120289373
DOL,mid,St Gatien,8,49.361660998660916,0.158653528230218
LIL,mid,Lille-Lesquin,8,50.57164239295806,3.105964997998135
TLS,major,Toulouse-Blagnac,8,43.63046256616009,1.373509185511527
FUK,major,Fukuoka,8,33.58481643325734,130.44418954188373
HIW,mid,Hiroshima-Nishi,8,34.37138156288289,132.419372741681
NKM,mid,Nagoya,8,35.254053205286695,136.9196283841399
SDJ,mid,Sendai,8,38.138207561528674,140.93024738136907
KKN,mid,Kirkenes Hoybuktmoen,8,69.72383181136918,29.891348950040616
CGB,mid,Marechal Rondon Int'l,8,-15.651147019195495,-56.120177475472424
FLN,major,Hercilio Luz Int'l,8,-27.664627694163833,-48.544812204959904
JOI,mid,Joinville-Lauro C. de Loyola,8,-26.224294137478456,-48.80164981656161
JPA,mid,Presidente Castro Pinto Int'l,8,-7.146174624020474,-34.9488925911125
NAT,major,Augusto Severo Int'l,8,-5.899120544771162,-35.24884101653892
OPO,major,Francisco Sa Carneiro,8,41.23687089204524,-8.671272407196472
SLZ,mid,Marechal Cunha Machado Int'l,8,-2.583509210430185,-44.236234470049205
SSZ,military mid,Santos Air Force Base,8,-23.9237590410637,-46.30527049310029
THE,mid,Teresina-Senador Petronio Portella,8,-5.06346299167191,-42.82124023178447
VCP,mid,Viracopos-Campinas Int'l,8,-23.00962390853391,-47.141079191101426
VIX,mid,Eurico de Aguiar Salles,8,-20.25741627594185,-40.28853687599133
ALC,major,Alicante,8,38.286640899392886,-0.557230440363588
LEI,mid,Almeria,8,36.84776727096432,-2.371601440591205
VLC,mid,Valencia,8,39.49145978844889,-0.473474930771676
KRN,mid,Kiruna_Airport,8,67.8256066056432,20.335152295489802
NRK,major,Norrkoping Airport,8,58.583380501754064,16.23394076958144
BDO,mid,Husein Sastranegara Int'l,8,-6.900424083534088,107.57561185220892
ROS,mid,Rosario  Islas Malvinas Int'l,8,-32.91622697438119,-60.78007872165863
MCZ,mid,Maceio/Zumbi dos Palmares Int'l,8,-9.514941185401165,-35.79249512158329
SSH,mid,Sharm el-Sheikh Int'l,8,27.980404419916844,34.39011892672875
TCP,mid,Taba Int'l,8,29.594499056801894,34.775837899677896
AGR,major and military,Agra,8,27.157727734749972,77.96090917650903
BDQ,mid,Vadodara,8,22.33616400211708,73.2262889533239
KSH,mid,Shahid Ashrafi Esfahani,8,34.34641677391081,47.156583516563856
BEN,mid,Benina Int'l,8,32.08727746065531,20.268039801851568
DHA,military major,King Abdulaziz Ab,8,26.270368085476772,50.1477245727844
STY,mid,Nueva Hesperides Int'l,8,-31.437388338779797,-57.98408211764924
AUA,mid,Queen Beatrix Int'l,7,12.503464363029721,-70.00762285634964
JIB,mid,Djibouti-Ambouli Int'l,7,11.552101823017216,43.149712785995575
IQQ,mid and military,Diego Aracena Int'l,7,-20.547840087830867,-70.17863539553298
SAW,major,Sabiha Gokcen Havaalani,7,40.90430035539573,29.309599142388944
KSA,mid,Kosrae Island,7,5.352009857182798,162.95704122507613
FUN,mid,Funafuti Int'l,7,-8.52485415059424,179.19544202302
NAG,mid,Dr. Babasaheb Ambedkar Int'l,7,21.089931763008746,79.0537976421986
HKT,mid,Phuket Int'l,7,8.107684759527347,98.30603849005591
NAN,mid,Nadi Int'l,7,-17.752912947979222,177.45115119805948
AGU,mid,Lic. Jesus Teran Peredo Int'l,7,21.701339032920746,-102.3140937400579
ALL,mid,Albenga,7,44.04587735981584,8.12314535436409
AMM,major,Queen Alia Int'l,7,31.722662160043214,35.989707162192985
ARI,mid,Chacalluta Int'l,7,-18.349206163957913,-70.3357301410959
ATR,mid,Atar Int'l,7,20.498270610156464,-13.05117043233154
BAQ,mid,Ernesto Cortissoz Int'l,7,10.886677595941366,-74.77655597826495
BRC,mid,Teniente Luis Candelaria Int'l,7,-41.14599769581051,-71.16143008697632
BYK,mid,Bouake,7,7.736104955550318,-5.068942222753114
BZE,major,Philip S. W. Goldson Int'l,7,17.536068657552093,-88.30820640330747
CRP,major,Corpus Christi Int'l,7,27.77445607008226,-97.50226787102976
CUR,mid,Hato Int'l,7,12.184834605201921,-68.95687880727611
CUZ,major,Velazco Astete Int'l,7,-13.538218699263911,-71.94366414497216
DAR,mid,Julius Nyerere Int'l,7,-6.866720042491186,39.207471503916466
DET,mid,Detroit City,7,42.40909384319068,-83.00396814177334
DIL,mid,Presidente Nicolau Lobato Int'l,7,-8.549311574145644,125.52485420918208
DME,major,Moscow Domodedovo Int'l,7,55.41415282230229,37.90025312894517
DUD,mid,Dunedin Int'l,7,-45.923431,170.200027
DZA,mid,Dzaoudzi Pamanzi Int'l,7,-12.80494743816432,45.281786419789874
ELP,mid,El Paso Int'l,7,31.799086027258937,-106.39571467936567
EVN,major,Zvartnots Int'l,7,40.15236794518844,44.40006305369384
FTW,major,Fort Worth Meacham Field,7,32.82075290479723,-97.35513485615866
GDT,mid,JAGS McCartney Int'l,7,21.442123743906283,-71.14613374488756
GLS,mid,Scholes Int'l,7,29.2671239212096,-94.85540138762639
GOM,mid,Goma Int'l,7,-1.658317950020695,29.240053495222842
GOU,mid,Garoua Int'l,7,9.33068867678854,13.372430937787765
GUM,major,Antonio B. Won Pat Int'l,7,13.492646235946513,144.8058503570926
GYY,mid,Gary/Chicago Int'l,7,41.617793001516596,-87.40835962474056
HAH,mid,Prince Said Ibrahim Int'l,7,-11.536639382912684,43.274561217961576
HBA,mid,Hobart Int'l,7,-42.83760836948221,147.50599619040787
HIR,mid,Honiara Int'l,7,-9.427575664001457,160.04585512992452
IEV,mid,Kiev Zhuliany Int'l,7,50.412808165984956,30.445130518210362
IKT,mid and military,Irkutsk S.E.,7,52.272889388224414,104.35585974800242
IND,major,Indianapolis Int'l,7,39.730204370396905,-86.27340036508855
INU,mid,Nauru Int'l,7,-0.545037226856384,166.91613965881993
IPC,mid,Mataveri Int'l,7,-27.158773838853794,-109.4300644100096
JUJ,mid,Gob. Horacio Guzman Int'l,7,-24.386101077584634,-65.09376654588122
KHN,mid,Nanchang Changbei Int'l,7,28.862489120066552,115.91197991860221
KMG,major,Kunming Wujiaba Int'l,7,24.99999611008102,102.74211757882347
LBA,major,Leeds Bradford,7,53.86908194744343,-1.659831067347459
LBV,mid,Libreville Leon M'ba Int'l,7,0.457139229503759,9.410223378207123
LFW,mid,Lome Tokoin,7,6.16687362722297,1.25093205640014
LWO,mid and military,Lviv Danylo Halytskyi Int'l,7,49.817850605000466,23.946126959894446
MAJ,mid,Marshall Islands Int'l,7,7.068118485570912,171.28191937064796
MFM,major,Macau Int'l,7,22.15765725296336,113.57451294861951
MGQ,mid,Aden Adde Int'l,7,2.016353112149878,45.30363741862018
MPM,mid,Maputo Int'l,7,-25.924276711787034,32.57419151947824
MRU,mid,Sir Seewoosagur Ramgoolam Int'l,7,-20.431756779321564,57.67698600766355
NAP,major,Naples Int'l,7,40.87807288436389,14.282844434020328
NDB,mid,Nouadhibou Int'l,7,20.92905230643873,-17.03343986915384
NGB,major,Ningbo Lishe Int'l,7,29.820823190686056,121.46181938848366
NKC,mid,Nouakchott Int'l,7,18.09792317181745,-15.95192592522014
NOU,mid,La Tontouta Int'l,7,-22.013638624898107,166.21723211869872
OAK,major,Oakland Int'l,7,37.71230369516912,-122.21326125786332
ONT,major,Ontario Int'l,7,34.06019110206596,-117.5923276516506
ORK,major,Cork,7,51.84854054199235,-8.490141999838173
PDG,mid,Minangkabau Int'l,7,-0.786045714026273,100.28545585179133
PDL,mid,Joao Paulo II,7,37.743331647293275,-25.696988219871116
PEW,mid,Bacha Khan Int'l,7,33.99140278895964,71.51881499126668
PIK,mid,Glasgow Prestwick,7,55.50889181051421,-4.610971639010682
PMG,mid,Ponta Pora Int'l,7,-22.551786560876014,-55.70607937485728
PMR,mid,Palmerston N. Int'l,7,-40.32331788520548,175.62128328195985
PNI,mid,Pohnpei Int'l,7,6.981306765121233,158.2033044909644
PPT,mid,Tahiti Faa'a Int'l,7,-17.55945776599425,-149.60975793242872
PSA,major and military,Pisa Galileo Galilei Int'l,7,43.69832241576641,10.400134371805603
PZU,mid and military,Port Sudan,7,19.576063653196776,37.216065757541976
RAI,mid,Praia Int'l,7,14.944988935283243,-23.486201988358683
RAK,mid,Marrakech-Menara,7,31.60229465977643,-8.024605359079887
RAR,mid,Rarotonga Int'l,7,-21.20098217246316,-159.7981563083873
REP,major,Siem Reap Int'l,7,13.408796969353801,103.81578052811155
RGA,mid,Hermes Quijada Int'l,7,-53.7814746058316,-67.75302684626753
RGL,mid,Piloto Civil Norberto Fernandez Int'l,7,-51.61169808554019,-69.30647117767309
RNO,major,Reno-Tahoe Int'l,7,39.505849901470334,-119.77528330810486
ROR,mid,Roman Tmetuchl Int'l,7,7.364495536129204,134.5329534661587
SID,mid,Amilcar Cabral Int'l,7,16.734793269338514,-22.9440574079648
SJJ,major,Sarajevo,7,43.825887224679725,18.336618545712724
SKB,mid,Robert L. Bradshaw Int'l,7,17.311125840442042,-62.714212504731584
SLA,mid,Martín Miguel de Güemes Int,7,-24.84437427133154,-65.47847604377958
SPN,mid,Saipan Int'l,7,15.121516719766413,145.7236946586376
SRE,mid,Juana Azurduy de Padilla Int'l,7,-19.01391579246574,-65.29286313878465
SXM,major,Princess Juliana Int'l,7,18.042244021474033,-63.1122760858602
TAI,mid,Ta'izz Int'l,7,13.685497002557412,44.134782731062046
TAO,mid,Qingdao Liuting Int'l,7,36.267757808103866,120.3806859490605
TKK,mid,Chuuk Int'l,7,7.457617802884429,151.84204603740326
TNG,mid,Tangier Ibn Battouta,7,35.725765640927385,-5.912880876559137
TRW,mid,Bonriki Int'l,7,1.380668697538304,173.14599079530137
TSE,major,Astana Int'l,7,51.0269352907712,71.46094413999357
TSN,major,Tianjin Binhai Int'l,7,39.12946099090075,117.35272315991853
TSV,major and military,Townsville,7,-19.256181437621244,146.77067890477002
TUC,mid,Teniente Gen. Benjamin Matienzo Int'l,7,-26.835731005071423,-65.10812462362482
TUN,major,Aeroport Tunis,7,36.84744821772193,10.21769924471112
TUS,major,Tucson Int'l,7,32.12035234418979,-110.93771323213196
ULN,mid,Chinggis Khaan Int'l,7,47.852526096668434,106.76287399492858
URC,major,Urumqi Diwopu Int'l,7,43.898338219365286,87.46712984878084
VLI,mid,Bauerfield Int'l,7,-17.701699068178094,168.3196227396616
WWK,mid,Wewak Int'l,7,-3.580226894447444,143.66910229969758
XCR,military mid,Chalons Vatry,7,48.78039461385664,4.19111982574289
XMN,major,Xiamen Gaoqi Int'l,7,24.537192570557004,118.12696884672026
YAP,mid,Yap Int'l,7,9.497917333613481,138.08643028361917
ZLO,mid,Playa de Oro Int'l,7,19.148086028585354,-104.56009520009748
CAY,mid,Cayenne  Rochambeau,7,4.821267143089237,-52.363806857235694
UIIR,mid,Irkutsk N.W.,7,52.36164767001315,104.19735928449404
SJW,major,Shijiazhuang Zhengding Int'l,7,38.27814091311202,114.6922665989016
GYD,major,Heydar Aliyev Int'l,7,40.46274688390803,50.04983948674051
LAK,military mid,Lakatamia Airbase,7,35.10634480673619,33.322201334898956
CFB,mid,Cabo Frio Int'l,7,-22.925631709132773,-42.079251752018415
HEM,mid,Helsinki-Malmi,7,60.24937784995868,25.045535369831455
LUX,major,Luxembourg-Findel,7,49.63430409251016,6.216421217287305
VCE,major,Venice Marco Polo,7,45.504847758845486,12.341067300436913
YNY,mid,Yangyang Int'l,7,38.058782416258545,128.66298866883957
TBT,mid,Tabatinga Int'l,7,-4.250324694933793,-69.93947393390899
BVB,mid,Boa Vista Int'l,7,2.84119534121157,-60.69222063386823
LPA,major,Gran Canaria,7,27.936889971657408,-15.389924515846113
ING,mid,Com. Armando Tola Int'l,7,-50.283900869003766,-72.05385691012962
NYO,mid,Stockholm-Skavsta,7,58.785104130344784,16.92160555842542
MES,mid,Polonia Int'l,7,3.56659179990894,98.67619257146407
BGF,mid,Bangui M'Poko Int'l,7,4.398851536959572,18.524123630208024
HGH,major,Hangzhou Xiaoshan Int'l,7,30.235186279041436,120.43209737631294
CXI,mid,Cassidy Int'l,7,1.986161197924021,-157.34977789343037
SQQ,mid,Siauliai Int'l,7,55.90376945403999,23.383188573869113
IUE,mid,Niue Int'l,7,-19.076712935451056,-169.92612977421672
AGT,mid,Guarani Int'l,7,-25.456857071581247,-54.83939952960621
AQP,mid,Rodriguez Ballon Int'l,7,-16.344552065351998,-71.56793353852852
VVO,mid and military,Vladivostok Int'l,7,43.377649253388505,132.13984172071468
PRN,major,Pristina,7,42.58503311534483,21.03026901247459
ANR,mid,Deurne,6,51.18912850638064,4.450922773999088
LAP,mid,Gen. Marquez de Leon Int'l,6,24.076090352180334,-110.36719785980947
HRB,major,Harbin Taiping,6,45.62060117232452,126.2369830308627
TRV,mid,Trivandrum Int'l,6,8.476509938945144,76.91890256129132
ADB,major,Adnan Menderes,6,38.29123476451746,27.149297595266408
NKG,major,Nanjing Lukou Int'l,6,31.73532492961766,118.86610214690592
FPO,mid,Freeport Int'l,6,26.548246747188983,-78.70393431144967
TIP,major,Tripoli Int'l,6,32.66916955049933,13.144258981071262
YQX,mid,Gander Int'l,6,48.946598006073565,-54.57557190935781
DOH,major and military,Doha Int'l,6,25.268246131050645,51.558548787654715
ABQ,major,Albuquerque Int'l,6,35.04915780182765,-106.6166851616002
ANU,mid,V.C. Bird Int'l,6,17.140359937161683,-61.792367669835826
APW,mid,Faleolo,6,-13.832501332395603,-171.99732221833983
ATZ,mid,Asyut,6,27.05081584069781,31.016249043801107
BAH,major,Bahrain Int'l,6,26.269697149949714,50.62600287575336
BDL,major,Bradley Int'l,6,41.93031600583518,-72.68539474333903
BGI,mid,Grantley Adams Int'l,6,13.079661104553033,-59.48741889531585
BJL,mid,Yundum Int'l,6,13.343860478894186,-16.652313269807472
BJM,mid,Bujumbura Int'l,6,-3.322044349131131,29.32098401699387
BLZ,mid,Chileka Int'l,6,-15.68138447932725,34.971944183793276
BME,mid,Broome Int'l,6,-17.95257612926801,122.23385051502184
BND,mid,Bandar Abbass Int'l,6,27.210325845514543,56.368886456411
BSR,major,Basrah Int'l,6,30.552799016106043,47.668376663351836
CJS,mid,Ciudad Juarez Int'l,6,31.635756620195146,-106.4358466310554
CMB,major,Katunayake Int'l,6,7.178077105442211,79.88525734215062
CNS,mid,Cairns Int'l,6,-16.876742155406177,145.75358484439977
CNX,major,Chiang Mai Int'l,6,18.768847391967526,98.96811812415933
COS,major,City of Colorado Springs,6,38.79742487791252,-104.70088027411134
CPE,mid,Ign. Alberto Ongay Int'l,6,19.81422479920744,-90.50362837340384
CSX,major,Changsha Huanghua Int'l,6,28.189921861945066,113.21405420325205
CVG,major,Greater Cincinnati Int'l,6,39.05541890478304,-84.65616991533919
DAD,major,Da Nang,6,16.05314414516696,108.20270625793569
DAL,major,Dallas Love Field,6,32.84442537327384,-96.84986377097995
DAM,major,Damascus Int'l,6,33.41143667027319,36.51289547181257
DAV,mid,Enrique Malek Int'l,6,8.391261061169175,-82.43175833693866
DIR,mid,Aba Tenna D. Yilma Int'l,6,9.61267784753569,41.857756722253
DPS,major,Bali Int'l,6,-8.744757315956518,115.16232296110661
DSM,major,Des Moines Int'l,6,41.5327904242113,-93.64846125637362
EBB,mid,Entebbe Int'l,6,0.044940949388672,32.4427573135214
FKI,mid,Kisangani Bangoka Int'l,6,0.492225136917501,25.330271489621154
FOC,mid,Fuzhou Changle Int'l,6,25.931823314814313,119.6680438209992
GAU,mid,Lokpriya G. Bordoloi Int'l,6,26.105247592425503,91.58822905818697
GDN,major,Gdansk Lech Walesa,6,54.380702535292464,18.468442216591136
GND,mid,Point Salines Int'l,6,12.007268305428271,-61.78585299092849
GOJ,mid,Nizhny Novgorod Int'l,6,56.21855259106556,43.789633706293515
GYM,mid,Gen. Jose M. Yanez Int'l,6,27.969455396282893,-110.9216512704022
HET,mid,Hohhot Baita Int'l,6,40.85406009065522,111.81468182162591
HLN,mid,Helena Reg.,6,46.61020435289996,-111.9898968960076
HMO,mid,Gen. Ignacio P. Garcia Int'l,6,29.090077252344535,-111.0519017118191
IAD,major,Dulles Int'l,6,38.95277403795302,-77.44779257692062
ITO,mid,Hilo Int'l,6,19.714797686866262,-155.0396297334349
JAN,major,Jackson Int'l,6,32.31006002736351,-90.07509862769238
JAX,major,Jacksonville Int'l,6,30.491352730947966,-81.68357672783112
KCH,mid,Kuching Int'l,6,1.487207937790097,110.3418370543153
KGL,mid,Kigali Int'l,6,-1.96365443664138,30.13487681878561
KRK,major,Balice,6,50.07226306483314,19.800977284450408
KUF,major,Kurumoch,6,53.50838481909353,50.14726552101905
KWL,major,Guilin Liangjiang Int'l,6,25.217605525229324,110.04689349777009
LAO,mid,Laoag Int'l,6,18.182418086637874,120.53387619612701
LGA,major,LaGuardia,6,40.77455393988576,-73.8719858204814
LGW,major,London Gatwick,6,51.155756751927456,-0.162961639139456
LJU,major,Ljubljana,6,46.230544555448624,14.454812628326566
LKO,mid,Amausi Int'l,6,26.763932870091633,80.88417197324722
LPG,mid,La Plata,6,-34.9655441559234,-57.89538206365101
MAM,mid,Gen. Sevando Canales,6,25.770841264061858,-97.53082171211871
MAN,major,Manchester Int'l,6,53.36248960665181,-2.273371590694274
MCI,major,Kansas City Int'l,6,39.297895826365945,-94.71591485791544
MCT,major,Seeb Int'l,6,23.588570417585636,58.2904804753493
MIR,mid,Habib Bourguiba Int'l,6,35.76071044217803,10.75336818505404
MRS,major,Marseille Provence Airport,6,43.44106000164679,5.221379177203373
NLD,mid,Quetzalcoatl Int'l,6,27.449689650831623,-99.5680081930063
NNG,major,Nanning Wuwu Int'l,6,22.612037054178508,108.16801227333096
OAX,mid,Xoxocotlan Int'l,6,17.000559256974505,-96.72179593849754
OGG,mid,Kahului,6,20.89328851511117,-156.4374295813534
OKC,major,Will Rogers,6,35.39527749117442,-97.59611775420922
ORF,major,Norfolk Int'l,6,36.89823946736742,-76.2044231712327
PBI,major,Palm Beach Int'l,6,26.688441666432965,-80.09018933833873
PBM,mid,Pengel Int'l,6,5.455999677974393,-55.199911389290236
PEE,mid,Bolshesavino,6,57.919771123169134,56.019560282029694
PEN,mid,Penang Int'l,6,5.292656277904887,100.26578638095476
PHC,mid,Port Harcourt Int'l,6,5.007003476739435,6.949897427231909
PHE,mid,Port Hedland Int'l,6,-20.378127296072336,118.63179781561529
PIR,mid,Pierre Regional,6,44.38015346687622,-100.29264198170532
PIT,major,Greater Pittsburgh Int'l,6,40.496051891528495,-80.2561290571918
PPG,mid,Pago Pago Int'l,6,-14.329064185030566,-170.71330705373444
BHX,major,Birmingham Int'l,6,52.45290855428381,-1.733731704344524
ROB,mid,Roberts Int'l,6,6.241834565545255,-10.353085186793352
RPR,mid,Raipur,6,21.18598685614469,81.74037759152014
SAL,mid,El Salvador Int'l,6,13.444748122861604,-89.0572035692743
SAN,major,San Diego Int'l,6,32.73226455701319,-117.19751102573103
SAT,major,San Antonio Int'l,6,29.526620339131505,-98.4719699991559
SAV,major,Savannah Int'l,6,32.13564155229021,-81.20996477509134
SCU,mid,Antonio Maceo,6,19.972428871762215,-75.83988776397909
SLP,mid,Ponciano Arriaga Int'l,6,22.255713049590337,-100.93647781626697
SMF,major,Sacramento Int'l,6,38.6927238925554,-121.58789487772277
STI,mid,Cibao Int'l,6,19.46592191528884,-70.69417832244676
SVX,major,Koltsovo,6,56.73224561204597,60.80580334321738
SYR,major,Syracuse Hancock Int'l,6,43.13178449437413,-76.1130789991049
TBZ,mid,Tabriz,6,38.131110768817514,46.244713373574
TRC,mid,Torreon Int'l,6,25.56321643998958,-103.39878782857888
TUL,major,Tulsa Int'l,6,36.19012756519499,-95.88988227154202
TYS,major,Mcghee Tyson,6,35.80574480270883,-83.98993783275846
UFA,major,Ufa Int'l,6,54.56513235789718,55.884077341183726
UVF,mid,Hewanorra Int'l,6,13.736523805048892,-60.949973772346056
WDH,mid,Windhoek Hosea Kutako Int'l,6,-22.486953120204117,17.463225902813253
YAM,mid,Sault Ste Marie,6,46.485417510192555,-84.50060899997175
YDQ,mid,Dawson Cr.,6,55.7394117074557,-120.18559561910142
YEG,major,Edmonton Int'l,6,53.307200161918324,-113.5844925644056
YHZ,major,Halifax Int'l,6,44.886545450100954,-63.514965250167336
YKA,mid,Kamloops,6,50.70519551845913,-120.44173476396232
YSB,mid,Sudbury,6,46.622750820489316,-80.79577478171052
YSJ,mid,Saint John,6,45.329230595501656,-65.89055736811677
YXS,mid,Prince George,6,53.884248575113766,-122.67401474398616
YYJ,major,Victoria Int'l,6,48.64052948217902,-123.43062453952774
ZAM,mid,Zamboanga Int'l,6,6.919757748058303,122.06243232163732
ZGC,mid,Lanzhou Zhongchuan,6,36.50788424612367,103.61541536304331
ALB,mid,Albany Int'l,6,42.745661980172905,-73.80935188431725
MKE,major,General Mitchell Int'l,6,42.94791987295855,-87.90210562507438
SYX,major,Sanya Phoenix Int'l,6,18.309095990859316,109.40823949107957
LXA,mid,Lhasa Gonggar,6,29.29369361231842,90.9005610194027
HTN,mid,Hotan,6,37.04003635097652,79.87230052121915
DRS,major,Dresden,6,51.125091242887116,13.764967144004661
NNA,military major,Kenitra Air Base,6,34.298667363822325,-6.597753628115997
QNJ,mid,Annemasse,6,46.19572832862606,6.264910853641591
NOG,mid,Nogales Int'l,6,31.225537174115924,-110.97272130167508
SXB,mid,Strasbourg,6,48.54469617217594,7.627841966889242
CGN,major,Cologne/Bonn,6,50.87825966294709,7.122359755245386
PUS,major,Kimhae Int'l,6,35.17028406368295,128.9488013790388
CJU,major,Jeju Int'l,6,33.52471731503988,126.49162940197242
SVG,major,Stavanger Sola,6,58.88215648421848,5.629810329721799
TRD,major,Trondheim Vaernes,6,63.472029381716986,10.916809524144515
CMG,mid,Corumba Int'l,6,-19.01416628855335,-57.663607892554346
FNC,mid,Madeira,6,32.69336428474887,-16.775637453121334
IGU,mid,Foz do Iguaçu Int'l,6,-25.597683216210232,-54.48859227356332
PVH,mid,Gov. Jorge Teixeira de Oliveira Int'l,6,-8.714424828592882,-63.89846250042134
BIO,mid,Bilbao,6,43.30508298111947,-2.906090116798053
PMI,major,Palma de Mallorca,6,39.56577585862541,2.729976602006474
TFN,major,Tenerife N.,6,28.487577026773145,-16.346317567926352
GOT,major,Gothenburg,6,57.685749353487864,12.29382690925731
LLA,major,Lulea,6,65.54903624776163,22.123027124394543
AUH,major,Abu Dhabi Int'l,6,24.42722715297642,54.646329322555786
CZL,mid,Mohamed Boudiaf Int'l,6,36.28344094416007,6.621946651812188
ASW,mid,Aswan Int'l,6,23.968276544177797,32.82443724629733
RVN,mid,Rovaniemi,6,66.55955641685094,25.829440976045195
GEO,mid,Cheddi Jagan Int'l,6,6.498552908135722,-58.25411919258886
COK,major,Cochin Int'l,6,10.155118762811767,76.39051985020242
EDL,mid,Eldoret Int'l,6,0.40507147546036,35.223693065830126
ICN,major,Incheon Int'l,6,37.449208862434624,126.45087598079584
CUL,mid,Federal de Bachigualato Int'l,6,24.766804039046114,-107.46986379289618
ISB,major and military,Benazir Bhutto Int'l,6,33.607445750752625,73.10079364718818
BRU,major,Brussels,5,50.89729496415108,4.484640324082722
ABV,major,Abuja Int'l,5,9.00437659781094,7.270259939743561
ACV,mid,Arcata-Eureka,5,40.97192453813144,-124.10706552013855
AUS,major,Austin-Bergstrom Int'l,5,30.202108192074945,-97.66683676460543
AYT,major,Antalya,5,36.915323305186774,30.80255264394152
BFS,major,Belfast Int'l,5,54.66155754701032,-6.216169437349579
BGY,major,Orio Al Serio,5,45.66549805606945,9.698917693997402
BKI,mid,Kota Kinabalu Int'l,5,5.922894454748071,116.05108787336903
BLR,major,Bengaluru Int'l,5,13.200610806960903,77.70955798895749
CBR,major,Canberra Int'l,5,-35.3071855902909,149.19076053967132
CMH,major,Port Columbus Int'l,5,39.9981181922432,-82.8840306426634
CMN,major,Mohamed V Int'l,5,33.374727481539615,-7.581455990257197
DUS,major,Dusseldorf Int'l,5,51.2781820420774,6.76494446612174
ESB,major,Esenboga Int'l,5,40.11512782732336,32.99301007720143
HLZ,mid,Hamilton Int'l,5,-37.865841148482694,175.33622143270816
HYD,major,Rajiv Gandhi Int'l,5,17.235983150747067,78.42953613451998
JFK,major,John F Kennedy Int'l,5,40.645959558408144,-73.78632686092955
KBP,major,Boryspil Int'l,5,50.34090233887696,30.89516216155281
KRT,major,Khartoum,5,15.59222265308578,32.550153296632956
MSN,major,Dane Cty. Reg. (Truax Field),5,43.13630823858675,-89.34578478944866
MSQ,major,Minsk Int'l,5,53.88937923980054,28.034193334637767
PMO,major,Palermo,5,38.186335108489494,13.105530988863753
PVD,mid,T.F. Green,5,41.726001984718906,-71.4357841445789
RSW,major,Southwest Florida Int'l,5,26.527928806765104,-81.75512314093055
SHE,major,Shenyang Taoxian Int'l,5,41.634789133958215,123.4879744303385
SHJ,major,Sharjah Int'l,5,25.321196401906818,55.52050719488528
SJC,major,San Jose Int'l,5,37.36949059089655,-121.92942898353154
SNA,major,John Wayne,5,33.6794857329549,-117.8614892203934
STR,major,Stuttgart,5,48.69010513589129,9.193951089455357
SYQ,mid,Nacional Tobias Bolanos,5,9.958278519196229,-84.13860919715941
SZX,major,Shenzhen Bao'an Int'l,5,22.64650771478675,113.81585275108512
SDF,major,Louisville Int'l,5,38.18602071526992,-85.74170275973673
GVA,major,Geneva,5,46.23100951015795,6.107945774236034
LYS,mid,Lyon-Saint Exupery,5,45.72101868346691,5.075944318134586
KIX,major,Kansai Int'l,5,34.43479416292695,135.24445977247638
LIS,major,Lisbon Portela,5,38.770762342751425,-9.130694409310712
CNF,major,Tancredo Neves Int'l,5,-19.63278212187474,-43.96358152099491
BMA,mid,Bromma,5,59.35559020651122,17.945617540614503
SUB,major,Juanda Int'l,5,-7.383578985275999,112.77703459493297
MDQ,mid,Astor Piazzolla Int'l,5,-37.93321612044816,-57.581615093239215
GCM,major,Owen Roberts Int'l,5,19.29591074371222,-81.35767061622893
CGO,major,Zhengzhou Xinzheng Int'l,5,34.52630271989567,113.84183130284451
DLC,major,Dalian Zhoushuizi Int'l,5,38.96157023002216,121.53891378010117
HER,major,Heraklion Int'l,5,35.33690241010455,25.17405582432718
TBS,major,Tbilisi Int'l,5,41.66944201872605,44.964614614166365
XXC,mid,Cascais,5,38.72353532083235,-9.354582402639275
KHH,major,Kaohsiung Int'l,4,22.57170610544221,120.34515634215063
SKO,mid,Sadiq Abubakar III,4,12.917482416618078,5.200226160326513
UIO,mid,Mariscal Sucre Int'l,4,-0.145552408466882,-78.48999255457005
KHI,mid,Karachi Civil,4,24.898524368959485,67.15212835929466
KIV,mid,Kishinev S.E.,4,46.93416199003912,28.93604875622555
LIM,major,Jorge Chavez,4,-12.0237161502221,-77.10756569313422
YQT,mid,Thunder Bay Int'l,4,48.37188114925079,-89.31214212381362
VNO,major,Vilnius,4,54.64305493075424,25.28071644972846
XIY,major,Hsien Yang,4,34.442939105442214,108.75581134215064
NTR,mid,Del Norte Int'l,4,25.859873767729045,-100.2383941865767
TBU,mid,Fua'amotu Int'l,4,-21.24861,-175.135635
IFN,mid,Esfahan Int'l,4,32.74608053443211,51.87639168126809
HRE,mid,Harare Int'l,4,-17.9228,31.1014
KWI,major,Kuwait Int'l,4,29.239680058158292,47.97148255933165
YOW,major,Macdonald-Cartier Int'l,4,45.3201348196531,-75.66489338702053
KBL,mid,Kabul Int'l,4,34.56339788641491,69.21007362708741
ABJ,mid,Abidjan Port Bouet,4,5.254398445149204,-3.932219291676359
ACA,major,General Juan N Alvarez Int'l,4,16.761967352779976,-99.75450856196812
ACC,major,Kotoka Int'l,4,5.606981523811933,-0.171402855660817
ADD,mid,Bole Int'l,4,8.981730275810992,38.7931904366343
ADE,mid,Aden Int'l,4,12.8278,45.030602
ADL,mid,Adelaide Int'l,4,-34.9405860275154,138.5321014576991
ALA,major,Almaty Int'l,4,43.34649431447929,77.01204587711747
ALG,major,Houari Boumediene,4,36.69972066635346,3.212073535165055
ALP,major,Aleppo Int'l,4,36.18462373143136,37.22734140578282
AMD,mid,Sardar Vallabhbhai Patel Int'l,4,23.070745463588118,72.62090008843316
ANF,mid,Cerro Moreno Int'l,4,-23.448954524831667,-70.44099085094066
ASB,mid,Ashkhabad Northwest,4,37.98485343895699,58.363965920824604
ASM,mid,Yohannes Iv Int'l,4,15.29361596964986,38.90635401363214
ASU,mid,Silvio Pettirossi Int'l,4,-25.241659253381577,-57.51390782471363
BDA,mid,Bermuda Int'l,4,32.359173960158074,-64.70277406865142
BEG,major,Surcin,4,44.81907666544326,20.291284594662077
BEY,major,Beirut Int'l,4,33.825440061866765,35.4930853618161
BHO,mid,Bairagarh,4,23.285568486980882,77.34087147135794
BKO,mid,Bamako Senou,4,12.539336342586719,-7.947272269708012
BNA,major,Nashville Int'l,4,36.13148763616973,-86.66928673563747
BNE,major,Brisbane Int'l,4,-27.38539659390988,153.1202564188439
BOI,major,Boise Air Terminal,4,43.5689592234704,-116.2218410705487
BRW,mid,Wiley Post Will Rogers Mem.,4,71.289299,-156.771835
BUF,major,Greater Buffalo Int'l,4,42.93403374935259,-78.73199655233083
BUQ,mid,Bulawayo,4,-20.015568409490825,28.622552042904037
BWN,major,Brunei Int'l,4,4.945475282276854,114.93311902920937
CAN,major,Guangzhou Baiyun Int'l,4,23.3891511573243,113.29751655217066
CCP,mid,Carriel Sur Int'l,4,-36.7763727437881,-73.06210617462139
CCU,major,Netaji Subhash Chandra Bose Int'l,4,22.645389378506415,88.44000101301965
CGP,mid,Chittagong,4,22.24556585857375,91.81471071623834
CHC,major,Christchurch Int'l,4,-43.48854867841038,172.53867556522317
CKY,mid,Conakry,4,9.574181158500823,-13.621065625167132
CLE,major,Hopkins Int'l,4,41.41119161249661,-81.83844060640457
CLO,mid,Alfonso Bonilla Aragon Int'l,4,3.543286351232192,-76.38507147280909
COO,mid,Cotonou Cadjehon,4,6.3582465034691,2.383800072435198
COR,mid,Ingeniero Ambrosio L.V. Taravella Int'l,4,-31.31568116848888,-64.21231576708007
CTG,mid,Rafael Nunez,4,10.444938176491519,-75.51233495596824
CUN,major,Cancun,4,21.04019667144003,-86.87441725066944
CUU,mid,General R F Villalobos Int'l,4,28.70399849976794,-105.969204692629
DAC,mid,Zia Int'l Dhaka,4,23.84812432181269,90.40492415992367
DRW,major and military,Darwin Int'l,4,-12.40805599665558,130.8775014367739
DUR,mid,Louis Botha,4,-29.965914250828032,30.945708194088084
FBM,mid,Lubumbashi Luano Int'l,4,-11.5908,27.5292
FEZ,mid,Saiss,4,33.930525184467264,-4.982146376783026
FIH,mid,Kinshasa N Djili Int'l,4,-4.389168821975817,15.446516207456082
FNA,mid,Freetown Lungi,4,8.615423617263689,-13.200229678648256
FNJ,mid,Sunan,4,39.200177166765556,125.67532157120056
FRU,major,Vasilyevka,4,43.055452723330326,74.46880033990898
GBE,mid,Sir Seretse Khama Int'l,4,-24.558071808944057,25.92438082641467
GDL,major,Don Miguel Hidalgo Int'l,4,20.524686348517278,-103.30076622275178
GLA,major,Glasgow Int'l,4,55.86418285703546,-4.431677969951069
GUA,mid,La Aurora,4,14.588160829005092,-90.53018111137798
GYE,mid,Simon Bolivar Int'l,4,-2.158337906991362,-79.88700964393296
HAN,major,Noi Bai,4,21.214559670724526,105.80375943680576
HAV,major,Jose Marti Int'l,4,22.99735333644277,-82.4074206289499
HBE,mid,Borg El Arab Int'l,4,30.91837127862389,29.692666015230046
JED,major,King Abdul Aziz Int'l,4,21.670685787812808,39.150499678044795
KAN,mid,Kano Mallam Aminu Int'l,4,12.045707160174642,8.522137183957666
KHG,mid,Kashi,4,39.537968630625755,76.01301480600748
KIN,major,Norman Manley Int'l,4,17.937575155275226,-76.77868976165765
KTM,mid,Tribhuvan Int'l,4,27.700281675160912,85.357139531668
LAD,mid,Luanda 4 de Fevereiro,4,-8.84831327917379,13.234795750269944
LED,major,Pulkovo 2,4,59.805406160189726,30.30709764546479
LHE,mid,Allama Iqbal Int'l,4,31.520629651820634,74.41088101817482
LLW,mid,Kamuzu Int'l,4,-13.788622823745978,33.78278850197883
LOS,major,Lagos Murtala Muhammed,4,6.578259445404671,3.321124352813337
LPB,mid,El Alto Int'l,4,-16.509879221397668,-68.17800552779448
LUN,mid,Lusaka Int'l,4,-15.326852250944736,28.44554432110191
LXR,mid,Luxor,4,25.673034778602332,32.70329708486226
MAA,major,Chennai Int'l,4,12.982530166915435,80.16377597315451
MAR,mid,La Chinita Int'l,4,10.555759468497213,-71.72376880946867
MDE,mid,Jose Maria Cordova,4,6.171001614358001,-75.4269557399772
MEM,major,Memphis Int'l,4,35.04441012400894,-89.98162803532371
MGA,mid,Augusto Cesar Sandino Int'l,4,12.144635873435028,-86.1712846229543
MHD,major,Mashhad,4,36.22755031349836,59.64219435740293
MIA,major,Miami Int'l,4,25.79494072124062,-80.2789718277441
MID,mid,Lic M Crecencio Rejon Int'l,4,20.933860386429597,-89.66302357364343
MLA,major,Luqa,4,35.848930794350125,14.495264455505483
MBA,major,Moi Int'l,4,-4.032652625796572,39.60266318703833
MSU,mid,Moshoeshoe I Int'l,4,-29.45557400461012,27.559216033361427
MSY,major,New Orleans Int'l,4,29.985114146062223,-90.25669394805942
MUX,major and military,Multan,4,30.195078090496487,71.41899543293198
MVD,major,Carrasco Int'l,4,-34.84104859885686,-56.026636146282
MZT,mid,General Rafael Buelna Int'l,4,23.16659609713445,-106.27001661788533
NAS,major,Nassau Int'l,4,25.048691060086554,-77.46484722909442
NDJ,mid,Ndjamena,4,12.129540018411483,15.03304463855593
NIM,mid,Niamey,4,13.476757280794157,2.17730671184125
CEB,major,Mactan-Cebu Int'l,4,10.315875672729177,123.97913450866376
NOV,mid,Nova Lisboa,4,-12.802541457591508,15.749761845959533
OMA,mid,Eppley Airfield,4,41.29971114530123,-95.89941579531211
OME,mid,Nome,4,64.50722070266309,-165.44164171228104
OUA,mid,Ouagadougou,4,12.353580026047329,-1.513805361651135
PAP,mid,Mais Gate Int'l,4,18.57568290542864,-72.29447802604733
PBC,mid,Puebla,4,19.16379354658405,-98.37575979042302
PDX,major,Portland Int'l,4,45.58895693153053,-122.5927388812541
PER,major,Perth Int'l,4,-31.941129794578288,115.9742249422326
PLZ,mid,H F Verwoerd,4,-33.98408774313735,25.611777756760176
PMC,mid,El Tepual Int'l,4,-41.433382070226884,-73.09838413364236
PNH,major,Pochentong,4,11.552644917651318,104.84502761245697
PNQ,major and military,Pune,4,18.579176611532837,73.90898381100165
POM,major,Port Moresby Int'l,4,-9.43865269316142,147.21125085597714
PTY,major,Tocumen Int'l,4,9.066872422658388,-79.38713482154378
PUQ,mid,Carlos Ibanez de Campo Int'l,4,-53.005069825517666,-70.84312378513243
RDU,major,Durham Int'l,4,35.8752323452255,-78.79138140067508
RGN,major,Mingaladon,4,16.90115428182508,96.13419461149468
RIX,major,Riga,4,56.922003878609694,23.979379111699508
SAH,mid,Sanaa Int'l,4,15.47390277557374,44.22464679025606
SDA,major,Baghdad Int'l,4,33.26816298637704,44.22891253529416
SDQ,major,De Las Americas Int'l,4,18.430219694817325,-69.67647267546673
SGN,major,Tan Son Nhat,4,10.816300557187912,106.66424614137476
SKG,major,Thessaloniki,4,40.52387368877751,22.976435361061277
SOF,major,Vrazhdebna,4,42.6891841273195,23.402452135770766
STV,major,Surat,4,21.120450329717173,72.74243843725891
SUV,mid,Nausori Int'l,4,-18.045899692285367,178.5600483699593
SYZ,major,Shiraz Int'l,4,29.545801384287437,52.58977127452107
TAM,mid,Gen Francisco J Mina Int'l,4,22.289331952506398,-97.8698137568394
TGU,mid,Toncontin Int'l,4,14.0599852192071,-87.21921163489864
THR,major,Mehrabad Int'l,4,35.69137433049459,51.32080697175721
TIA,major,Tirane Rinas,4,41.4208514680567,19.71503240497222
TIJ,major,General Abelardo L Rodriguez Int'l,4,32.54604991350133,-116.97547609559751
TLC,mid,Jose Maria Morelos Y Pavon,4,19.338688042303197,-99.5706494463542
TLL,major,Ulemiste,4,59.41650146974512,24.798964869982985
TLV,major,Ben Gurion,4,32.000746850184434,34.87084991809952
TMS,mid,Sao Tome Salazar,4,0.374744213699427,6.712821930056672
TNR,mid,Antananarivo Ivato,4,-18.799334876308173,47.47535400095789
TPA,major,Tampa Int'l,4,27.980040085218384,-82.534824252055
VLN,mid,Zim Valencia,4,10.15400568839794,-67.9223617121873
VOG,mid,Gumrak,4,48.79167646576109,44.354767968489014
VTE,mid,Vientiane,4,17.975459594832063,102.5682381957277
VVI,mid,Viru Viru Int'l,4,-17.647946825783897,-63.14038882182134
WLG,major,Wellington Int'l,4,-41.32898918446593,174.81166526823756
YPR,mid,Prince Rupert,4,54.292,-130.44559
YQG,mid,Windsor,4,42.265878472719756,-82.96008773894485
YQR,mid,Regina,4,50.433219286718334,-104.65543397537115
YVR,major,Vancouver Int'l,4,49.19355903957153,-123.18086700381177
YWG,major,Winnipeg Int'l,4,49.90333024716708,-97.22676948095848
YXE,mid,John G Diefenbaker Int'l,4,52.170143944738115,-106.69018196755394
YXY,mid,Whitehorse Int'l,4,60.714152148139725,-135.07621008940154
YYC,major,Calgary Int'l,4,51.130857256754865,-114.01056050023648
YYG,mid,Charlottetown,4,46.28581313675246,-63.131234133323375
YYQ,mid,Churchill,4,58.7497237849788,-94.0813639506318
YYT,mid,St John's Int'l,4,47.61311790079545,-52.743333742863804
YZF,mid,Yellowknife,4,62.470737361020184,-114.43784633504919
ZAG,major,Zagreb,4,45.73332667309836,16.061513800901448
ZNZ,mid,Zanzibar,4,-6.218570346202824,39.22233198415581
REK,mid,Reykjavik Air Terminal,4,64.13187286099006,-21.94663440313274
ARH,mid,Arkhangelsk-Talagi,4,64.59674377304546,40.71334656945939
KZN,major,Kazan Int'l,4,55.60806014297645,49.29844580364066
ORY,major,Paris Orly,4,48.73130304580517,2.367379127837731
YQB,major,Quebec,4,46.79156843633076,-71.38392807117314
YUL,major,Montreal-Trudeau,4,45.45835122945313,-73.74931626504166
NRT,major,Narita Int'l,4,35.764056072782786,140.3844017091791
NGO,major,Chubu Centrair Int'l,4,34.85902969581623,136.81477128682428
OKD,mid,Okadama,4,43.11064959909785,141.38210045007517
BGO,major,Bergen Flesland,4,60.28906105029659,5.227253115623363
TOS,major,Tromso Langnes,4,69.67967904734776,18.907262429213173
BEL,mid,Val de Caes Int'l,4,-1.389746287955464,-48.479560289379336
CGR,mid,Campo Grande Int'l,4,-20.45727173603113,-54.66894987813051
CWB,mid,Afonso Pena Int'l,4,-25.536000143055837,-49.173709366346884
FOR,mid,Pinto Martins Int'l,4,-3.778594962330909,-38.540747249833416
GRU,major,Sao Paulo-Guarulhos Int'l,4,-23.42611557704206,-46.48175360884203
GYN,mid,Santa Genoveva,4,-16.632366572163658,-49.22664649059936
POA,mid,Salgado Filho Int'l,4,-29.990193017060918,-51.17704094881724
REC,mid,Gilberto Freyre Int'l,4,-8.131625530762387,-34.91826671748514
SSA,mid,Deputado Luis Eduardo Magalhaes Int'l,4,-12.914361497032587,-38.3347989911732
MDZ,mid,El Plumerillo,4,-32.82780016927193,-68.79848383944727
MAO,mid,Eduardo Gomes Int'l,4,-3.032139006259097,-60.04606458988538
NSI,mid,Yaounde Nsimalen Int'l,4,3.714845207081258,11.547994139680723
PVG,major,Shanghai Pudong Int'l,4,31.152309029553294,121.80151876057847
ADJ,mid,Marka Int'l,4,31.97419940154417,35.984105236244915
MLE,major,Male Int'l,4,4.188700903233721,73.52739028368441
VER,mid,Gen. Heriberto Jara Int'l,4,19.142423702501713,-96.18357021436948
OXB,mid,Osvaldo Vieira Int'l,4,11.888923145485485,-15.651185561666004
DVO,major,Francisco Bangoy Int'l,4,7.130537461630729,125.64506660943381
SEZ,mid,Seychelles Int'l,4,-4.671069141785209,55.51155192467932
DKR,major,Leopold Sedar Senghor Int'l,4,14.745630614674791,-17.490407907719003
PZU,mid,Port Sudan New Int'l,4,19.434105238523106,37.23874759810247
TAS,major,Tashkent Int'l,4,41.26223387673829,69.26661372411293
CPH,major,Copenhagen,3,55.628501722152784,12.64935086845077
BBU,mid,Aeroportul National Bucuresti-Baneasa,3,44.49704145597203,26.085725158776373
BUD,major,Ferihegy,3,47.43327426924795,19.26223016778808
CKG,major,Chongqing Jiangbei Int'l,3,29.724042224168777,106.63801970481096
CLT,major,Douglas Int'l,3,35.220428168559714,-80.94392773427626
DTW,major,Detroit Metro,3,42.22572045080041,-83.3478935065615
DUB,major,Dublin,3,53.42700828497004,-6.243884910371394
FAI,major,Fairbanks Int'l,3,64.81809811173692,-147.86572112079517
HAM,major,Hamburg,3,53.63200116408658,10.005647830925001
KUL,major,Kuala Lumpur Int'l,3,2.747512957918107,101.71388632574273
LAS,major,Mccarran Int'l,3,36.08496023833674,-115.15132395128332
MCO,major,Orlando Int'l,3,28.431150679113763,-81.30737133079849
MSP,major,Minneapolis St. Paul Int'l,3,44.882026363196815,-93.20810037183008
MUC,major,Franz-Josef-Strauss,3,48.35383739616085,11.788062719243687
PHL,major,Philadelphia Int'l,3,39.876087236427,-75.2429857676998
PHX,major,Sky Harbor Int'l,3,33.43586076394977,-112.01363529772982
SLC,major,Salt Lake City Int'l,3,40.786729005370844,-111.98198487999271
STL,major,Lambert St Louis Int'l,3,38.742716315520354,-90.36595453506747
WAW,major,Okecie Int'l,3,52.171026749259035,20.97272633835865
ZRH,major,Zurich Int'l,3,47.45238950649155,8.562212795347646
CRL,mid,Gosselies,3,50.45712965495668,4.454373629816502
MUCf,major,Munich Freight Terminal,3,48.349796407837665,11.769482859365427
BCN,major,Barcelona,3,41.30315527974634,2.078003349812917
PRG,major,Ruzyn,3,50.10765117036714,14.267484985407632
HKG,major,Hong Kong Int'l,2,22.315332828086753,113.93501638737635
TPE,major,Taoyuan,2,25.076741104334637,121.23137045332327
AMS,major,Schiphol,2,52.30893238898217,4.764376932328117
SIN,major,Singapore Changi,2,1.356160835281264,103.98641388099333
LHR,major,London Heathrow,2,51.47099587999384,-0.453156652063309
AKL,major,Auckland Int'l,2,-37.00635511428146,174.79171943371517
ANC,major,Anchorage Int'l,2,61.17289367453669,-149.9817251006328
ATL,major,Hartsfield-Jackson Atlanta Int'l,2,33.64052908073521,-84.42539743360473
PEK,major,Beijing Capital,2,40.07876633633102,116.58817400466103
BOG,major,Eldorado Int'l,2,4.69883276192097,-74.14337180010278
BOM,major,Chhatrapati Shivaji Int'l,2,19.095101948840245,72.87456395000508
BOS,major,Gen E L Logan Int'l,2,42.366565819850564,-71.01640661729584
BWI,major,Baltimore-Washington Int'l Thurgood Marshall,2,39.17939435835678,-76.66864283524481
CAI,major,Cairo Int'l,2,30.11199043855749,31.39974300671137
CAS,mid,Casablanca-Anfa,2,33.56278838510788,-7.663218807711428
CCS,mid,Simon Bolivar Int'l,2,10.597354914606406,-67.00574880763165
CPT,major,Cape Town Int'l,2,-33.97044661203954,18.597656508313793
CTU,major,Chengdushuang Liu,2,30.581071264746427,103.95613648169501
DEL,major,Indira Gandhi Int'l,2,28.559203976058605,77.0878362565332
DEN,major,Denver Int'l,2,39.84946138815095,-104.67379733854197
DFW,major,Dallas-Ft. Worth Int'l,2,32.90015055948155,-97.04037107411442
DMK,major,Don Muang Int'l,2,13.920276601034733,100.60257862650514
DXB,major,Dubai Int'l,2,25.25256559381816,55.35407691722429
EWR,major,Newark Int'l,2,40.69047982789292,-74.1771472796706
EZE,major,Ministro Pistarini Int'l,2,-34.81364693803232,-58.54124569393822
FLL,major,Fort Lauderdale Hollywood Int'l,2,26.07170957468273,-80.14525884651891
IAH,major,George Bush Intercontinental,2,29.9865909034907,-95.33370479129466
IST,major,Ataturk Hava Limani,2,40.977838817779705,28.8195493087893
JNB,major,OR Tambo Int'l,2,-26.13209539948872,28.23198856487408
JNU,mid,Juneau Int'l,2,58.358944104595075,-134.5835730378724
LAX,major,Los Angeles Int'l,2,33.94417425435857,-118.40246854852198
LIN,major,Linate,2,45.46039384562522,9.279966296910612
MEL,major,Melbourne Int'l,2,-37.66994119678927,144.84899809113125
MEX,major,Lic Benito Juarez Int'l,2,19.435469572049442,-99.08260795142392
MNL,major,Ninoy Aquino Int'l,2,14.506832376296721,121.00412208343747
NBO,major,Jomo Kenyatta Int'l,2,-1.330529643506341,36.92508874903655
HNL,major,Honolulu Int'l,2,21.33202231502399,-157.91978317375475
ORD,major,Chicago O'Hare Int'l,2,41.97652910238031,-87.90513439065003
RUH,major,King Khalid Int'l,2,24.959031743651174,46.701829023464015
SCL,major,Arturo Merino Benitez Int'l,2,-33.396833634259714,-70.79368601629741
SEA,major,Tacoma Int'l,2,47.44358191272591,-122.30228972292387
SFO,major,San Francisco Int'l,2,37.61702508680535,-122.38347034444935
SHA,major,Hongqiao,2,31.187257431407843,121.34118378856714
SVO,major,Sheremtyevo,2,55.96644717251199,37.41596903484135
YYZ,major,Toronto-Pearson Int'l,2,43.68095951863564,-79.61141932474486
SYD,major,Kingsford Smith,2,-33.936583205771655,151.16606730560102
HEL,major,Helsinki Vantaa,2,60.31871589129821,24.968207866591406
CDG,major,Charles de Gaulle Int'l,2,49.01442009693855,2.541867767394573
TXL,major,Berlin-Tegel Int'l,2,52.55442870441009,13.2903090925074
VIE,major,Vienna Schwechat Int'l,2,48.119756305253766,16.560767964212864
FRA,major,Frankfurt Int'l,2,50.05067708952074,8.571822869076076
FCO,major,Leonardo da Vinci Int'l,2,41.795078630739425,12.250100897363827
ITM,major,Osaka Int'l,2,34.790198084874866,135.4424752562494
GMP,major,Gimpo Int'l,2,37.55730053995078,126.80239286027584
OSL,major,Oslo Gardermoen,2,60.193578317138616,11.099103276258118
BSB,major,Juscelino Kubitschek Int'l,2,-15.869998500282428,-47.92078851336254
CGH,major,Congonhas Int'l,2,-23.626858827009997,-46.659115530219566
GIG,major,Rio de Janeiro-Antonio Carlos Jobim Int'l,2,-22.812343712500642,-43.248381379068306
MAD,major,Madrid Barajas,2,40.46812827339225,-3.569026654588628
SJU,major,Luis Munoz Marin,2,18.43807707349493,-66.00422997575475
ARN,major,Arlanda,2,59.65112033973721,17.930729901691585
CGK,major,Soekarno-Hatta Int'l,2,-6.126602955972902,106.65429615117164
ATH,major,Eleftherios Venizelos Int'l,2,37.93623312992537,23.94711605540731